ID,Name,Adress_Street,Adress_City,Adress_State,Adress_PostalCode,Adress_Country,Email,Phone,Fax
1,"Martin, Mejia and May",7213 Koch Haven,Jasonhaven,KY,79419,Slovakia (Slovak Republic),michelledaniel@gonzales.com,(070)867-9355,001-258-721-3275x717
2,Hudson Group,2292 Moore Tunnel,South Scottfort,DE,52581,Svalbard & Jan Mayen Islands,nicholsrobert@diaz-williams.org,125-729-8950x1030,001-699-879-0349x509
3,Randall Ltd,40590 Daniel Valleys,New Samuel,HI,67436,Kuwait,davidpotter@west.org,771-729-8050x908,+1-676-995-8644
4,Anderson-Aguilar,51164 Jordan Streets Suite 768,New Aprilside,AL,14863,Ukraine,urosales@hubbard-richardson.net,(616)093-4248x907,001-798-727-7748x037
5,Brown and Sons,108 Jacob Islands,Whitemouth,TN,91325,Micronesia,osbornelucas@smith.org,909-710-7029x270,192-616-5907
6,Duncan Ltd,61918 Robert Road Apt. 713,Matthewton,CA,24544,Honduras,chad34@page-gonzalez.com,001-899-141-4178x29715,602-044-7971x940
7,"Brooks, Patel and Craig",38340 Lowery Crescent Suite 278,Jessicaport,ID,35984,Korea,jacobsmith@walker.com,+1-229-384-9032,547-525-9218
8,"Hendricks, Ramos and Villarreal",319 Sandoval Cove Suite 702,East Meganberg,SC,35440,Somalia,skramer@elliott-mora.com,+1-716-177-9531x354,121-055-0120
9,"Mendoza, Rios and Alexander",91600 Lisa Street,Port Matthewmouth,OR,23950,Saint Vincent and the Grenadines,yoliver@reynolds.info,775-103-9246x2301,+1-017-332-2418x6013
10,Mcgrath and Sons,5537 Jackson Fields Suite 528,Wernerchester,WI,12850,Gambia,joseph53@mitchell.biz,(042)587-3622x26476,886-285-3186x8107
11,Wilson Inc,8940 Grant Lakes Apt. 008,Stephaniehaven,NM,85805,Mauritania,anthonysmith@hayes-jones.com,(739)749-4246x922,683-184-6428x79794
12,"Hall, Robertson and Walton",003 Anthony Passage Suite 858,North Donna,OH,43122,Cyprus,johnbutler@nelson-moses.com,019.079.5305x31067,976-808-8823
13,"Sparks, Hamilton and Roberts",670 Matthew Fall,Debraborough,LA,69905,French Polynesia,tamaralewis@klein.net,+1-679-442-3145,(901)761-9613
14,"Wilson, Ortega and Krueger",30637 Fields Course Apt. 141,Port Brendatown,CT,28678,Falkland Islands (Malvinas),brettnorris@reyes-taylor.info,982-996-1758x290,(146)868-3299x964
15,"Price, York and Davis",8951 Holland Fork Apt. 252,East Cameronshire,PA,54182,Tajikistan,solomonzachary@salazar-knapp.com,538-430-6841,001-389-005-9942x9771
16,"Woods, James and Griffin",14574 Cassandra Crossroad Suite 902,East Kevin,OH,72177,Bouvet Island (Bouvetoya),imedina@kelly.com,198-086-0282x5791,6722064330
17,Dillon-Flores,8402 Martinez Valleys,West Stacy,AK,94748,Sudan,jamesgutierrez@deleon.com,(241)699-1966,(342)693-3850x076
18,Gonzales-Acevedo,984 Erika Squares,Lake Christopher,NE,93807,Bolivia,karenvasquez@williamson.net,+1-193-108-1352x453,+1-703-499-4634x06728
19,"Bird, Cherry and Smith",76382 Thomas Port,Lake Nicholeport,AZ,56675,Philippines,karina79@mayer-hicks.com,8494848924,849-277-9548x030
20,Singh-Barajas,6728 Brown Run,Fryport,WA,09715,Croatia,jacksonbrandon@griffith.com,808-280-6149x3084,001-013-440-6902x1392
